FirstName,LastName,ID,IP
Amanda,Finley,63,164.36.114.164
Matthew,Daniel,89,76.34.46.121
Thomas,Johnson,76,203.55.236.243
Nicholas,Daniels,21,166.138.230.217
Karen,Rose,25,132.40.104.220
Leslie,Weeks,50,207.163.98.31
Russell,Larsen,36,58.110.202.178
Jermaine,Galloway,74,161.72.22.192
Brian,Matthews,84,194.132.191.233
Richard,Sanchez,60,201.246.167.69
Jack,Gardner,67,87.13.246.60
Ashley,Peterson,64,49.151.141.208
Denise,Lee,35,216.85.122.212
Catherine,Mason,22,110.48.76.86
David,Decker,29,65.71.122.75
Isaac,Martin,66,171.217.175.123
Michael,Snyder,28,67.217.172.89
Zachary,Jordan,20,59.166.59.97
Michelle,Jones,51,93.125.58.169
Stephanie,Brennan,66,218.236.246.46
Casey,Weaver,80,50.15.147.210
Alex,Martin,73,213.185.223.45
Barbara,Sanchez,30,9.27.160.59
Kara,Miles,32,65.156.214.32
Brenda,Gonzalez,76,2.200.55.4
